Habitat,avg_temp
Forest,21.872941330052573
Grassland,23.27512853282549
